# Root structure, allowed radial interval and formula family of each of the 56 catalogue cases.
case	root_structure	allowed_interval	formula_family
A1	R1<rplus<R2<R3<R4	[R3,R4]	FF01
A2	R1<rplus<R2<R3=R4	{R3}	FF02_CONSTANT
A-H1	R1<rplus=R2<R3<R4	[R3,R4]	HC_FF01
A-H2	R1<rplus=R2<R3=R4;Rsecond<0	{R3}	HC_CONSTANT
A-X1	R1=R2=rpm<R3<R4;CH<0;Q<Qsph	[R3,R4]	EXT_H2_ISLAND
A-X2	R1=R2=rpm<R3=R4;Q=Qsph	{R3}	EXT_CONSTANT
K1	R1<rplus<R2=R3=R4	{R2}	FF03_CONSTANT
K2	R1<rplus<R2=R3=R4	(rplus,R2]	FF03
K3	R1<rplus<R2=R3<R4;R=Rprime=0;Rsecond>0	{R2}	FF17_CONSTANT
K4	R1<rplus<R2=R3<R4	(R3,R4]	FF17
K5	R1<rplus<R2=R3<R4	(rplus,R2)	FF17
K6	R1<rplus<R2=R3;Rsecond>0	{R2}	FF06_CONSTANT
K7	R1<rplus<R2=R3	[R3,infinity)	FF06
K8	R1<rplus<R2=R3	(rplus,R2]	FF06
K9	R1<R2<rplus<R3=R4;Rsecond>0	{R3}	FF11_CONSTANT
K10	R1<R2<rplus<R3=R4	[R4,infinity)	FF11
K11	R1<R2<rplus<R3=R4	(rplus,R3]	FF11
B1	R1<rplus<R2<R3<R4	(rplus,R2]	FF01
B2	R1<rplus<R2<R3=R4	(rplus,R2]	FF02
B3	R1<R2<R3<rplus<R4	(rplus,R4]	FF04
B4	R1<rplus<R2;Rrho,conj(Rrho)	(rplus,R2]	FF05
B5	R1<rplus<R2<R3	(rplus,R2]	FF07
B6	R1<R2<rplus<R3<R4	(rplus,R3]	FF12
B7	R1=R2<R3<rplus<R4	(rplus,R4]	ER01
B8	R1<R2=R3<rplus<R4	(rplus,R4]	ER02
B9	R1=R2=R3<rplus<R4	(rplus,R4]	ER03
B-X1	R1<R2=R3=rpm<R4;CH>0	(rpm,R4]	EXT_H2
B-X2	R1=R2=R3=rpm<R4;CH=0	(rpm,R4]	EXT_H3
C1	R1<rplus;Rrho,conj(Rrho)	(rplus,infinity)	FF08
C2	R1<R2<R3<rplus	(rplus,infinity)	FF09
C3	R1<R2<rplus;Rrho,conj(Rrho)	(rplus,infinity)	FF13
C4	R1<R2<R3<R4<rplus	(rplus,infinity)	FF14
C5	Rrho,conj(Rrho),Rsigma,conj(Rsigma)	(rplus,infinity)	FF18
C6	R1=R2<R3<rplus	(rplus,infinity)	ER04
C7	R1<R2=R3<rplus	(rplus,infinity)	ER05
C8	R1=R2=R3<rplus	(rplus,infinity)	ER06
C9	R1<R2=R3<R4<rplus	(rplus,infinity)	ER07
C10	R1<R2<R3=R4<rplus	(rplus,infinity)	ER08
C11	R1=R2<rplus;Rrho,conj(Rrho)	(rplus,infinity)	ER09
C12	R1<R2=R3=R4<rplus	(rplus,infinity)	ER10
C-X1	R1<R2=R3=rpm;CH>0	(rpm,infinity)	EXT_H2
C-X2	R1<R2<R3=R4=rpm;CH>0	(rpm,infinity)	EXT_H2
C-X3	R1=R2=R3=rpm;CH=0	(rpm,infinity)	EXT_H3
C-X4	R1<R2=R3=R4=rpm;CH=0	(rpm,infinity)	EXT_H3
D1	R1<rplus<R2<R3	[R3,infinity)	FF07
D2	R1<R2<rplus<R3<R4	[R4,infinity)	FF12
D-H1	R1<rplus=R2<R3	[R3,infinity)	HC_FF07
D-H2	R1<R2<rplus=R3<R4	[R4,infinity)	HC_FF12
D-X1	R1=R2=rpm<R3;CH<0	[R3,infinity)	EXT_H2_OUTER
D-X2	R1<R2=R3=rpm<R4;CH<0	[R4,infinity)	EXT_H2_OUTER
N1	R1<rplus<R2<R3<R4	(rplus,R2]	FF01_N
N2	R1<rplus<R2<R3=R4	(rplus,R2]	FF02_N
N3	R1<R2<R3<rplus<R4	(rplus,R4]	FF04_N
N4	R1<rplus<R2;Rrho,conj(Rrho)	(rplus,R2]	FF05_N
N5	R1<rplus<R2<R3	(rplus,R2]	FF07_N
N6	R1<R2<rplus<R3<R4	(rplus,R3]	FF12_N
